Workbook

Sheet Seguimiento
A1: SEGUIMIENTO MENSUAL – CHECKLIST DE CUMPLIMIENTO
A2: Marque la casilla Cumplido cuando el control del mes esté completo. Use N/A únicamente cuando el indicador no corresponda al periodo.
A3: Mes: | B3: 46266 | D3: Responsable: | E3: Emerson Garita López
A4: Fecha | B4: 46295 | D4: Jefatura: | E4: Ingeniería Eléctrica
A5: N.° | B5: Aspecto de seguimiento | C5: Indicador / criterio mensual | D5: Meta | E5: Cumplido | F5: N/A | G5: Observaciones / pendientes
A6: ASISTENTE DE INGENIERÍA
A7: 1 | B7: Supervisión de personal | C7: Seguimiento de seguridad, personal y labores diarias | D7: 100% de situaciones relevantes atendidas | E7: TRUE | F7: FALSE
A8: 2 | B8: Horas extra (al día) | C8: Registro completo y actualizado de horas extra | D8: Sin pérdida de registros | E8: TRUE | F8: FALSE
A9: 3 | B9: Tardias | C9: Registro completo y actualizado de Tardias | D9: Sin pérdida de registros | E9: TRUE | F9: FALSE
A10: 4 | B10: Herramientas móviles | C10: Registro y control de herramientas asignadas a móviles | D10: Sin pérdida de registros | E10: TRUE | F10: FALSE
A11: 5 | B11: Herramienta personal | C11: Registro y control de herramienta asignada al personal | D11: Sin pérdida de registros | E11: TRUE | F11: FALSE
A12: 6 | B12: Equipo Ingeniería | C12: Registro y control de equipos del departamento | D12: Sin pérdida de registros | E12: FALSE | F12: FALSE
A13: 7 | B13: Solicitud de Abonados | C13: Solicitudes y coordinaciones atendidas | D13: ≥ 90% atendidas y 100% registrados | E13: FALSE | F13: FALSE
A14: 8 | B14: Solicitud de colaboradores | C14: Solicitudes recibidas y gestionadas debidamente registradas | D14: Sin pérdida de registros | E14: TRUE | F14: FALSE
A15: 9 | B15: Planes y acuerdos de ingeniería | C15: Seguimiento de actividades y acuerdos asignados | D15: ≥ 90% en cumplimiento y 100% registrados | E15: FALSE | F15: FALSE
A16: 10 | B16: Quejas – registro | C16: Quejas recibidas, estado y atención documentados | D16: Sin pérdida de registros | E16: TRUE | F16: FALSE
A17: 11 | B17: Ilícitos – registro | C17: Casos detectados, gestionados y documentados | D17: Sin pérdida de registros y 100% tramitados | E17: TRUE | F17: FALSE
A18: 12 | B18: Registro de Proyectos | C18: Proyectos y movimientos debidamente registrados y su progreso | D18: Sin pérdida de registros | E18: TRUE | F18: FALSE
A19: AUXILIAR ADMINISTRATIVO
A20: 13 | B20: Control de stock mínimo / máximo | C20: Verificación de existencias de materiales requeridos para los servicios de Ingeniería Eléctrica | D20: 100% de los materiales críticos controlados dentro de los mínimos y máximos definidos; faltantes identificados y reportados | E20: FALSE | F20: FALSE
A21: 14 | B21: Procesos (Personal, Inventarios y ARESEP) y normativa | C21: Mejorar los procesos actuando sobre los requerimientos actualizados | D21: 100% de compromisos en plazo | E21: FALSE | F21: FALSE
A22: 15 | B22: Control de compras y materiales | C22: Seguimiento de solicitudes de compra, órdenes, recepción y entrega de materiales | D22: 100% de las solicitudes de compra asignadas con seguimiento hasta su recepción o cierre. | E22: FALSE | F22: FALSE
A23: 16 | B23: Elaboración de presupuestos de proyectos eléctricos | C23: Preparación de materiales, cantidades, costos y presupuesto por proyecto | D23: 100% de los proyectos asignados con presupuesto elaborado. | E23: FALSE | F23: FALSE
A24: 17 | B24: Diseño de redes eléctricas | C24: Apoyo en elaboración, revisión y actualización de diseños de MT, BT y servicios | D24: 100% de los diseños asignados elaborados dentro del plazo establecido | E24: FALSE | F24: FALSE
A27: CUMPLIMIENTO GENERAL MENSUAL | E27: =IFERROR(COUNTIFS(E6:E24,TRUE,F6:F24,FALSE)/COUNTIF(F6:F24,FALSE),0) -> 0.52941176
B29: =E27 -> 0.52941176
A30: Total | B30: =COUNTIFS(E6:E24,TRUE,F6:F24,FALSE) -> 9 | C30: Pendientes | D30: =COUNTIFS(E6:E24,FALSE,F6:F24,FALSE) -> 8 | E30: No aplica | F30: =COUNTIF(F6:F24,TRUE) -> 0

Sheet Dashboard
A1: DASHBOARD INTEGRAL DE CUMPLIMIENTO MENSUAL
A2: =UPPER(TEXT(Seguimiento!B3,"mmmm"))&" "&YEAR(Seguimiento!B3)&" · INGENIERÍA ELÉCTRICA · "&Seguimiento!E3 -> SEPTIEMBRE 2026 · INGENIERÍA ELÉCTRICA · Emerson Garita López
A4: CUMPLIMIENTO | E4: CUMPLIDOS | I4: PENDIENTES | M4: NO APLICA
A5: =Seguimiento!E27 -> 0.52941176 | E5: =Seguimiento!B30 -> 9 | I5: =Seguimiento!D30 -> 8 | M5: =Seguimiento!F30 -> 0
A7: LECTURA EJECUTIVA
A8: ="Avance mensual: "&TEXT(Seguimiento!E27,"0%")&" ("&Seguimiento!B30&" de 17 controles). "&IF(Seguimiento!D30=0,"Todos los controles están cerrados.",Seguimiento!D30&" controles requieren seguimiento; priorice los registros sin evidencia y los procesos administrativos pendientes.") -> Avance mensual: 53% (9 de 17 controles). 8 controles requieren seguimiento; priorice los registros sin evidencia y los procesos administrativos pendientes.
A10: ESTADO DE LOS 17 CONTROLES | K10: RESUMEN OPERATIVO
A11: N.° | B11: Control | C11: Área | D11: Estado | E11: Meta / criterio | F11: Observación | K11: Indicador | L11: Valor | M11: Lectura
A12: 1 | B12: =Seguimiento!B7 -> Supervisión de personal | C12: Asistente de Ingeniería | D12: =IF(Seguimiento!E7,"Cumplido",IF(Seguimiento!F7,"N/A","Pendiente")) -> Cumplido | E12: =Seguimiento!D7 -> 100% de situaciones relevantes atendidas | F12: =IF(OR(Seguimiento!G7=0,Seguimiento!G7=""),"Sin observación registrada",Seguimiento!G7) -> Sin observación registrada | K12: Horas extra totales | L12: =SUM('02 Horas extra'!D14:D24) -> 186.33333 | M12: 11 colaboradores
A13: 2 | B13: =Seguimiento!B8 -> Horas extra (al día) | C13: Asistente de Ingeniería | D13: =IF(Seguimiento!E8,"Cumplido",IF(Seguimiento!F8,"N/A","Pendiente")) -> Cumplido | E13: =Seguimiento!D8 -> Sin pérdida de registros | F13: =IF(OR(Seguimiento!G8=0,Seguimiento!G8=""),"Sin observación registrada",Seguimiento!G8) -> Sin observación registrada | K13: Mayor carga de horas extra | L13: =MAX('02 Horas extra'!D14:D24) -> 35 | M13: Javier Soto González
A14: 3 | B14: =Seguimiento!B9 -> Tardias | C14: Asistente de Ingeniería | D14: =IF(Seguimiento!E9,"Cumplido",IF(Seguimiento!F9,"N/A","Pendiente")) -> Cumplido | E14: =Seguimiento!D9 -> Sin pérdida de registros | F14: =IF(OR(Seguimiento!G9=0,Seguimiento!G9=""),"Sin observación registrada",Seguimiento!G9) -> Sin observación registrada | K14: Minutos de tardía | L14: {=SUMPRODUCT(IFERROR(VALUE(SUBSTITUTE('03 Tardías'!C14:C26," min","")),0))} -> 44 | M14: 13 registros
A15: 4 | B15: =Seguimiento!B10 -> Herramientas móviles | C15: Asistente de Ingeniería | D15: =IF(Seguimiento!E10,"Cumplido",IF(Seguimiento!F10,"N/A","Pendiente")) -> Cumplido | E15: =Seguimiento!D10 -> Sin pérdida de registros | F15: =IF(OR(Seguimiento!G10=0,Seguimiento!G10=""),"Sin observación registrada",Seguimiento!G10) -> Sin observación registrada | K15: Herramienta personal | L15: ='05 Herramienta personal'!D15 -> 73 | M15: 73 artículos diferentes
A16: 5 | B16: =Seguimiento!B11 -> Herramienta personal | C16: Asistente de Ingeniería | D16: =IF(Seguimiento!E11,"Cumplido",IF(Seguimiento!F11,"N/A","Pendiente")) -> Cumplido | E16: =Seguimiento!D11 -> Sin pérdida de registros | F16: =IF(OR(Seguimiento!G11=0,Seguimiento!G11=""),"Sin observación registrada",Seguimiento!G11) -> Sin observación registrada | K16: Unidades de herramienta personal | L16: ='05 Herramienta personal'!B15 -> 457 | M16: Inventario registrado
A17: 6 | B17: =Seguimiento!B12 -> Equipo Ingeniería | C17: Asistente de Ingeniería | D17: =IF(Seguimiento!E12,"Cumplido",IF(Seguimiento!F12,"N/A","Pendiente")) -> Pendiente | E17: =Seguimiento!D12 -> Sin pérdida de registros | F17: =IF(OR(Seguimiento!G12=0,Seguimiento!G12=""),"Sin observación registrada",Seguimiento!G12) -> Sin observación registrada | K17: Cobertura herramientas móviles | L17: ='04 Herramientas móviles'!C15 -> 0.75 | M17: Móvil 25 es prioridad
A18: 7 | B18: =Seguimiento!B13 -> Solicitud de Abonados | C18: Asistente de Ingeniería | D18: =IF(Seguimiento!E13,"Cumplido",IF(Seguimiento!F13,"N/A","Pendiente")) -> Pendiente | E18: =Seguimiento!D13 -> ≥ 90% atendidas y 100% registrados | F18: =IF(OR(Seguimiento!G13=0,Seguimiento!G13=""),"Sin observación registrada",Seguimiento!G13) -> Sin observación registrada | K18: Registros móviles pendientes | L18: ='04 Herramientas móviles'!E15 -> 46 | M18: 41 corresponden a Móvil 25
A19: 8 | B19: =Seguimiento!B14 -> Solicitud de colaboradores | C19: Asistente de Ingeniería | D19: =IF(Seguimiento!E14,"Cumplido",IF(Seguimiento!F14,"N/A","Pendiente")) -> Cumplido | E19: =Seguimiento!D14 -> Sin pérdida de registros | F19: =IF(OR(Seguimiento!G14=0,Seguimiento!G14=""),"Sin observación registrada",Seguimiento!G14) -> Sin observación registrada | K19: Proyectos totales | L19: =SUM('12 Registro proyectos'!B22:B24) -> 8 | M19: 4 en proceso · 3 pendientes · 1 completado
A20: 9 | B20: =Seguimiento!B15 -> Planes y acuerdos de ingeniería | C20: Asistente de Ingeniería | D20: =IF(Seguimiento!E15,"Cumplido",IF(Seguimiento!F15,"N/A","Pendiente")) -> Pendiente | E20: =Seguimiento!D15 -> ≥ 90% en cumplimiento y 100% registrados | F20: =IF(OR(Seguimiento!G15=0,Seguimiento!G15=""),"Sin observación registrada",Seguimiento!G15) -> Sin observación registrada | K20: Solicitudes de colaboradores | L20: =COUNTA('08 Solicitud colaboradores'!A14:A23) -> 10 | M20: 10 registros
A21: 10 | B21: =Seguimiento!B16 -> Quejas – registro | C21: Asistente de Ingeniería | D21: =IF(Seguimiento!E16,"Cumplido",IF(Seguimiento!F16,"N/A","Pendiente")) -> Cumplido | E21: =Seguimiento!D16 -> Sin pérdida de registros | F21: =IF(OR(Seguimiento!G16=0,Seguimiento!G16=""),"Sin observación registrada",Seguimiento!G16) -> Sin observación registrada | K21: Quejas registradas | L21: =COUNTA('10 Quejas'!A14:A100) -> 1 | M21: 1 en proceso
A22: 11 | B22: =Seguimiento!B17 -> Ilícitos – registro | C22: Asistente de Ingeniería | D22: =IF(Seguimiento!E17,"Cumplido",IF(Seguimiento!F17,"N/A","Pendiente")) -> Cumplido | E22: =Seguimiento!D17 -> Sin pérdida de registros y 100% tramitados | F22: =IF(OR(Seguimiento!G17=0,Seguimiento!G17=""),"Sin observación registrada",Seguimiento!G17) -> Sin observación registrada | K22: Ilícitos registrados | L22: =COUNTA('11 Ilícitos'!A14:A100) -> 1 | M22: 1 cumplido
A23: 12 | B23: =Seguimiento!B18 -> Registro de Proyectos | C23: Asistente de Ingeniería | D23: =IF(Seguimiento!E18,"Cumplido",IF(Seguimiento!F18,"N/A","Pendiente")) -> Cumplido | E23: =Seguimiento!D18 -> Sin pérdida de registros | F23: =IF(OR(Seguimiento!G18=0,Seguimiento!G18=""),"Sin observación registrada",Seguimiento!G18) -> Sin observación registrada | K23: ="AVANCE POR ÁREA · Asistente de Ingeniería: "&TEXT(COUNTIF(Seguimiento!E7:E18,TRUE)/12,"0%")&" | Auxiliar Administrativo: "&TEXT(COUNTIF(Seguimiento!E20:E24,TRUE)/5,"0%") -> AVANCE POR ÁREA · Asistente de Ingeniería: 75% | Auxiliar Administrativo: 0%
A24: 13 | B24: =Seguimiento!B20 -> Control de stock mínimo / máximo | C24: Auxiliar Administrativo | D24: =IF(Seguimiento!E20,"Cumplido",IF(Seguimiento!F20,"N/A","Pendiente")) -> Pendiente | E24: =Seguimiento!D20 -> 100% de los materiales críticos controlados dentro de los mínimos y máximos definidos; faltantes identificados y reportados | F24: =IF(OR(Seguimiento!G20=0,Seguimiento!G20=""),"Sin observación registrada",Seguimiento!G20) -> Sin observación registrada | K24: PRIORIDADES DE SEGUIMIENTO
A25: 14 | B25: =Seguimiento!B21 -> Procesos (Personal, Inventarios y ARESEP) y normativa | C25: Auxiliar Administrativo | D25: =IF(Seguimiento!E21,"Cumplido",IF(Seguimiento!F21,"N/A","Pendiente")) -> Pendiente | E25: =Seguimiento!D21 -> 100% de compromisos en plazo | F25: =IF(OR(Seguimiento!G21=0,Seguimiento!G21=""),"Sin observación registrada",Seguimiento!G21) -> Sin observación registrada | K25: 01 · EQUIPO INGENIERÍA | L25: Registrar la auditoría coordinada con Contabilidad, responsable y fecha de cierre.
A26: 15 | B26: =Seguimiento!B22 -> Control de compras y materiales | C26: Auxiliar Administrativo | D26: =IF(Seguimiento!E22,"Cumplido",IF(Seguimiento!F22,"N/A","Pendiente")) -> Pendiente | E26: =Seguimiento!D22 -> 100% de las solicitudes de compra asignadas con seguimiento hasta su recepción o cierre. | F26: =IF(OR(Seguimiento!G22=0,Seguimiento!G22=""),"Sin observación registrada",Seguimiento!G22) -> Sin observación registrada | K26: 02 · SOLICITUDES DE ABONADOS | L26: Cargar solicitudes, coordinaciones atendidas y evidencia del periodo.
A27: 16 | B27: =Seguimiento!B23 -> Elaboración de presupuestos de proyectos eléctricos | C27: Auxiliar Administrativo | D27: =IF(Seguimiento!E23,"Cumplido",IF(Seguimiento!F23,"N/A","Pendiente")) -> Pendiente | E27: =Seguimiento!D23 -> 100% de los proyectos asignados con presupuesto elaborado. | F27: =IF(OR(Seguimiento!G23=0,Seguimiento!G23=""),"Sin observación registrada",Seguimiento!G23) -> Sin observación registrada | K27: 03 · MÓVIL 25 | L27: ="Completar "&'04 Herramientas móviles'!D21&" registros; cobertura actual "&TEXT('04 Herramientas móviles'!E21,"0.0%")&"." -> Completar 41 registros; cobertura actual 11%.
A28: 17 | B28: =Seguimiento!B24 -> Diseño de redes eléctricas | C28: Auxiliar Administrativo | D28: =IF(Seguimiento!E24,"Cumplido",IF(Seguimiento!F24,"N/A","Pendiente")) -> Pendiente | E28: =Seguimiento!D24 -> 100% de los diseños asignados elaborados dentro del plazo establecido | F28: =IF(OR(Seguimiento!G24=0,Seguimiento!G24=""),"Sin observación registrada",Seguimiento!G24) -> Sin observación registrada | K28: 04 · PROCESOS ADMINISTRATIVOS | L28: Actualizar stock, procesos, compras, presupuestos y diseño de redes.
K29: 05 · CALIDAD DEL REGISTRO | L29: Completar responsable y estado en la gestión del 29 de septiembre.

Sheet 01 Supervisión personal
A1: SUPERVISIÓN DE PERSONAL
A2: FICHA MENSUAL DE SEGUIMIENTO
A4: Mes | B4: =Seguimiento!B3 -> 46266 | D4: =Seguimiento!B4 -> 46295 | E4: Responsable | F4: =Seguimiento!E3 -> Emerson Garita López | H4: 1
A5: Aspecto | B5: =Seguimiento!B7 -> Supervisión de personal
A6: Indicador / criterio | B6: =Seguimiento!C7 -> Seguimiento de seguridad, personal y labores diarias
A7: Meta | B7: =Seguimiento!D7 -> 100% de situaciones relevantes atendidas
A8: Estado mensual | B8: =IF(Seguimiento!E7,"Cumplido",IF(Seguimiento!F7,"N/A","Pendiente")) -> Cumplido | D8: =IF(Seguimiento!E7,"Sí","No") -> Sí | E8: N/A | F8: =IF(Seguimiento!F7,"Sí","No") -> No
A9: Resumen | B9: =IF(Seguimiento!E7,"Control mensual completado",IF(Seguimiento!F7,"Indicador no aplicable en el periodo","Requiere seguimiento")) -> Control mensual completado
A10: Observación general | B10: =Seguimiento!G7 -> 0
A12: REGISTRO DE GESTIÓN DEL MES
A13: Fecha | B13: Actividad / gestión | C13: Responsable | D13: Estado | E13: Evidencia / referencia | F13: Observaciones | G13: Próxima acción | H13: Fecha compromiso
A14: 46286 | B14: parado de postes proyecto anateri,averias,crm y permisos de anclas y postes | C14: emerson | D14: En proceso
A15: 46287 | B15: instalacion de anclas y vestir postes por parte de cuadrila,departamento reunion con ecological | C15: emerson | D15: En proceso
A16: 46288 | B16: instalacion de transformador carnes guadalupe,averias ,CRM | C16: emerson | D16: Cumplido
A17: 46289 | B17: instalacion de transformador L183,crm,derrama tajo zarcero | C17: emerson | D17: Cumplido
A18: 46290 | B18: reunion de auditoria katherine ,estudios de ingenieria ,reunion departamento electrico -infocomunicaciones | C18: emerson | D18: Cumplido
A19: 46293 | B19: capacitacion coopelesca /protecto anateri/averias | C19: emerson | D19: Cumplido
A20: 46294 | B20: reunion vida silvestre /estudios de ingenieria

Sheet 02 Horas extra
A1: HORAS EXTRA (AL DÍA)
A2: FICHA MENSUAL DE SEGUIMIENTO
A4: Mes | B4: 46266 | D4: =Seguimiento!B4 -> 46295 | E4: 2
A5: Aspecto | B5: =Seguimiento!B8 -> Horas extra (al día)
A6: Indicador / criterio | B6: =Seguimiento!C8 -> Registro completo y actualizado de horas extra
A7: Meta | B7: =Seguimiento!D8 -> Sin pérdida de registros
A8: Estado mensual | B8: =IF(Seguimiento!E8,"Cumplido",IF(Seguimiento!F8,"N/A","Pendiente")) -> Cumplido | D8: =IF(Seguimiento!E8,"Sí","No") -> Sí
A9: Resumen | B9: =IF(Seguimiento!E8,"Control mensual completado",IF(Seguimiento!F8,"Indicador no aplicable en el periodo","Requiere seguimiento")) -> Control mensual completado
A10: Observación general | B10: =Seguimiento!G8 -> 0
B11: Total
B12: Horas Extra Regular | C12: Hora Extra Doble
A13: Agosto | B13: Duración | C13: Duración | D13: Duración
A14: Araya Pérez Diego Andrés | B14: 21 | D14: 21
A15: Araya Rodríguez Breiner Anthony | B15: 19 | C15: 1.5 | D15: 20.5
A16: Arrieta Carranza Leonardo Antonio | B16: 9.8333333 | C16: 4 | D16: 13.833333
A17: Garita Lopez Emerson | B17: 5 | C17: 4 | D17: 9
A18: Orozco Reyes Ariel | B18: 18.5 | C18: 1.5 | D18: 20
A19: Porras Duarte Olger Fermin | B19: 24.5 | D19: 24.5
A20: Retana Vargas Gerardo | B20: 7.5 | D20: 7.5
A21: Soto González Javier David | B21: 35 | D21: 35
A22: Tencio Alvarado José Fabio | B22: 5.5 | D22: 5.5
A23: Villegas Espinoza Frander | B23: 12.5 | C23: 7.5 | D23: 20
A24: Villegas Espinoza Kendall | B24: 8 | C24: 1.5 | D24: 9.5

Sheet 03 Tardías
A1: TARDIAS
A2: FICHA MENSUAL DE SEGUIMIENTO
A4: Mes | B4: =Seguimiento!B3 -> 46266 | D4: =Seguimiento!B4 -> 46295 | E4: Responsable | F4: =Seguimiento!E3 -> Emerson Garita López | H4: 3
A5: Aspecto | B5: =Seguimiento!B9 -> Tardias
A6: Indicador / criterio | B6: =Seguimiento!C9 -> Registro completo y actualizado de Tardias
A7: Meta | B7: =Seguimiento!D9 -> Sin pérdida de registros
A8: Estado mensual | B8: =IF(Seguimiento!E9,"Cumplido",IF(Seguimiento!F9,"N/A","Pendiente")) -> Cumplido | D8: =IF(Seguimiento!E9,"Sí","No") -> Sí | F8: si
A9: Resumen | B9: =IF(Seguimiento!E9,"Control mensual completado",IF(Seguimiento!F9,"Indicador no aplicable en el periodo","Requiere seguimiento")) -> Control mensual completado
A10: Observación general | B10: =Seguimiento!G9 -> 0
A11: REGISTRO DE TARDÍAS DEL MES
A13: Fecha | B13: Empleado | C13: Minutos de tardía | D13: Motivo | E13: Justificación
A14: 06-ago-26 | B14: ARIEL OROZCO REYES | C14: 2 min | D14: PRESAS CAMINO AL TRABAJO
A15: 06-ago-26 | B15: FRANDER VILLEGAS | C15: 2 min | D15: PRESAS CAMINO AL TRABAJO
A16: 04-ago-26 | B16: LEONARDO ARRIETA CARRANZA | C16: 1 min | D16: PRESAS CAMINO AL TRABAJO
A17: 14-ago-26 | B17: EMERSON GARITA | C17: 5 min | D17: PRESAS CAMINO AL TRABAJO
A18: 03-ago-26 | B18: JAVIER SOTO GONZALES | C18: 1 min | D18: PRESAS CAMINO AL TRABAJO
A19: 17-ago-26 | B19: ANTHONY ARAYA RODRIGUEZ | C19: 3 min | D19: PRESAS CAMINO AL TRABAJO
A20: 25-ago-26 | B20: ANTHONY ARAYA RODRIGUEZ | C20: 1 min | D20: PRESAS CAMINO AL TRABAJO
A21: 18-ago-26 | B21: FRANDER VILLEGAS | C21: 14 min | D21: SE PONCHO LA MOTO
A22: 21-ago-26 | B22: FRANDER VILLEGAS | C22: 3 min | D22: PRESAS CAMINO AL TRABAJO
A23: 24-ago-26 | B23: FRANDER VILLEGAS | C23: 3 min | D23: PRESAS CAMINO AL TRABAJO
A24: 17-ago-26 | B24: LEONARDO ARRIETA CARRANZA | C24: 5 min | D24: PRESAS CAMINO AL TRABAJO
A25: 17-ago-26 | B25: JAVIER SOTO GONZALES | C25: 3 min | D25: PRESAS CAMINO AL TRABAJO
A26: 28-ago-26 | B26: JAVIER SOTO GONZALES | C26: 1 min | D26: PRESAS CAMINO AL TRABAJO

Sheet 04 Herramientas móviles
A1: HERRAMIENTAS MÓVILES
A2: FICHA MENSUAL DE SEGUIMIENTO
A4: Mes | B4: =Seguimiento!B3 -> 46266 | D4: =Seguimiento!B4 -> 46295 | E4: Responsable | F4: =Seguimiento!E3 -> Emerson Garita López | H4: 4
A5: Aspecto | B5: =Seguimiento!B10 -> Herramientas móviles
A6: Indicador / criterio | B6: =Seguimiento!C10 -> Registro y control de herramientas asignadas a móviles
A7: Meta | B7: =Seguimiento!D10 -> Sin pérdida de registros
A8: Estado mensual | B8: =IF(Seguimiento!E10,"Cumplido",IF(Seguimiento!F10,"N/A","Pendiente")) -> Cumplido | D8: =IF(Seguimiento!E10,"Sí","No") -> Sí | E8: N/A | F8: =IF(Seguimiento!F10,"Sí","No") -> No
A9: Resumen | B9: =IF(Seguimiento!E10,"Control mensual completado",IF(Seguimiento!F10,"Indicador no aplicable en el periodo","Requiere seguimiento")) -> Control mensual completado
A10: Observación general | B10: =Seguimiento!G10 -> 0
A11: CONTROL DE HERRAMIENTAS POR MÓVIL
A12: CONTROL MAS ESPECIFICO ESTA DENTRO DE LA HOJA "DETALLE MOVILES"
A14: Total de herramientas | C14: Registro general completo | E14: Registros pendientes | G14: Prioridad principal
A15: 46 | C15: 0.75 | E15: 46 | G15: Móvil 25 · 41 pendientes
A17: ESTADO DE CADA MÓVIL
A18: Móvil | B18: Registradas (X) | C18: No aplica | D18: Pendientes | E18: Cobertura | F18: Estado | G18: CÓMO LEER ESTE RESUMEN
A19: Móvil 01-27 | B19: 40 | C19: 5 | D19: 1 | E19: 0.978 | F19: Casi completo | G19: Registradas (X) | I19: Herramienta confirmada
A20: Móvil 02-28 | B20: 44 | C20: 0 | D20: 2 | E20: 0.957 | F20: Casi completo | G20: No aplica | I20: No se requiere en ese móvil
A21: Móvil 25 | B21: 5 | C21: 0 | D21: 41 | E21: 0.109 | F21: URGENTE | G21: Pendientes | I21: Falta revisar o registrar
A22: Móvil 03-30 | B22: 44 | C22: 0 | D22: 2 | E22: 0.957 | F22: Casi completo | G22: Próximo paso | I22: Completar 41 registros de Móvil 25.

Sheet 05 Herramienta personal
A1: HERRAMIENTA PERSONAL
A2: FICHA MENSUAL DE SEGUIMIENTO
A4: Mes | B4: =Seguimiento!B3 -> 46266 | D4: =Seguimiento!B4 -> 46295 | E4: Responsable | F4: =Seguimiento!E3 -> Emerson Garita López | H4: 5
A5: Aspecto | B5: =Seguimiento!B11 -> Herramienta personal
A6: Indicador / criterio | B6: =Seguimiento!C11 -> Registro y control de herramienta asignada al personal
A7: Meta | B7: =Seguimiento!D11 -> Sin pérdida de registros
A8: Estado mensual | B8: =IF(Seguimiento!E11,"Cumplido",IF(Seguimiento!F11,"N/A","Pendiente")) -> Cumplido | D8: =IF(Seguimiento!E11,"Sí","No") -> Sí | E8: N/A | F8: =IF(Seguimiento!F11,"Sí","No") -> No
A9: Resumen | B9: =IF(Seguimiento!E11,"Control mensual completado",IF(Seguimiento!F11,"Indicador no aplicable en el periodo","Requiere seguimiento")) -> Control mensual completado
A10: Observación general | B10: =Seguimiento!G11 -> 0
A12: REGISTRO DE GESTIÓN DEL MES
A13: Fecha | B13: Actividad / gestión | C13: Responsable | D13: Estado | E13: Evidencia / referencia | F13: Observaciones | G13: Próxima acción | H13: Fecha compromiso
A14: CONTROL GENERAL DE HERRAMIENTAS
A15: TOTAL GENERAL | B15: 457 | C15: ARTÍCULOS DIFERENTES | D15: 73 | F15: DATOS A REVISAR | G15: 0 | H15: INVENTARIOS INCLUIDOS | I15: 0 | N15: RESUMEN DE INVENTARIO
A17: ARTÍCULO | B17: INGENIERIA | C17: ARIEL | D17: ANTHONY | E17: KENDALL | F17: FRANDER | G17: GERARDO | H17: FABIO | I17: LEONARDO | J17: FABRICIO | K17: BODEGA | L17: TOTAL | N17: INVENTARIO | O17: TOTAL | Q17: TOP 10 ARTÍCULOS | R17: TOTAL
A18: ALICATE | B18: 1 | C18: 1 | D18: 1 | E18: 1 | F18: 1 | G18: 1 | H18: 1 | I18: 1 | J18: 1 | K18: 1 | L18: 10 | N18: INGENIERIA | O18: 49 | Q18: JUEGO LLAVES ALLEN | R18: 17
A19: ALICATE CORTAR | B19: 0 | C19: 0 | D19: 0 | E19: 0 | F19: 0 | G19: 0 | H19: 1 | I19: 0 | J19: 0 | K19: 0 | L19: 1 | N19: ARIEL | O19: 45 | Q19: ARNES | R19: 14
A20: ALICATE DE CORTAR | B20: 0 | C20: 0 | D20: 1 | E20: 1 | F20: 0 | G20: 1 | H20: 0 | I20: 1 | J20: 1 | K20: 0 | L20: 5 | N20: ANTHONY | O20: 53 | Q20: GUANTES DE PROTECCIÓN | R20: 13
A21: ALICATE PARA CORTAR | B21: 1 | C21: 1 | D21: 0 | E21: 0 | F21: 1 | G21: 0 | H21: 0 | I21: 0 | J21: 0 | K21: 1 | L21: 4 | N21: KENDALL | O21: 50 | Q21: LÍNEA DE VIDA | R21: 13
A22: ALICATE PERRO | B22: 1 | C22: 1 | D22: 1 | E22: 1 | F22: 1 | G22: 1 | H22: 1 | I22: 1 | J22: 1 | K22: 1 | L22: 10 | N22: FRANDER | O22: 46 | Q22: RATCHET COROFIJA | R22: 12
A23: ARNES | B23: 2 | C23: 1 | D23: 2 | E23: 2 | F23: 1 | G23: 2 | H23: 1 | I23: 1 | J23: 1 | K23: 1 | L23: 14 | N23: GERARDO | O23: 46 | Q23: BOLSO PORTA HERRAMIENTAS | R23: 11
A24: BARBIQUEJO | B24: 1 | C24: 1 | D24: 1 | E24: 1 | F24: 0 | G24: 0 | H24: 1 | I24: 1 | J24: 1 | K24: 0 | L24: 7 | N24: FABIO | O24: 43 | Q24: CASCO | R24: 11
A25: BOLSO PARA CASCO | B25: 1 | C25: 0 | D25: 1 | E25: 1 | F25: 1 | G25: 1 | H25: 1 | I25: 1 | J25: 1 | K25: 0 | L25: 8 | N25: LEONARDO | O25: 57 | Q25: FOCO DE CABEZA | R25: 11
A26: BOLSO PARA LENTES | B26: 1 | C26: 1 | D26: 1 | E26: 1 | F26: 1 | G26: 0 | H26: 0 | I26: 1 | J26: 1 | K26: 1 | L26: 8 | N26: FABRICIO | O26: 40 | Q26: LLAVE FRANCESA M | R26: 11
A27: BOLSO PORTA HERRAMIENTAS | B27: 1 | C27: 1 | D27: 1 | E27: 1 | F27: 1 | G27: 2 | H27: 1 | I27: 1 | J27: 1 | K27: 1 | L27: 11 | N27: BODEGA | O27: 28 | Q27: ALICATE | R27: 10
A28: BOTAS DE HULE | B28: 1 | C28: 1 | D28: 1 | E28: 1 | F28: 1 | G28: 1 | H28: 1 | I28: 0 | J28: 0 | K28: 0 | L28: 7
A29: BOTAS DE HULE 41 | B29: 0 | C29: 0 | D29: 0 | E29: 0 | F29: 0 | G29: 0 | H29: 0 | I29: 1 | J29: 1 | K29: 0 | L29: 2
A30: CAJA DE HERRAMIENTAS | B30: 1 | C30: 1 | D30: 1 | E30: 1 | F30: 1 | G30: 1 | H30: 1 | I30: 1 | J30: 1 | K30: 1 | L30: 10
A31: CAPA L | B31: 0 | C31: 0 | D31: 3 | E31: 2 | F31: 2 | G31: 2 | H31: 0 | I31: 0 | J31: 0 | K31: 0 | L31: 9
A32: CAPA M | B32: 2 | C32: 0 | D32: 0 | E32: 0 | F32: 0 | G32: 0 | H32: 1 | I32: 2 | J32: 1 | K32: 0 | L32: 6
A33: CAPA XL Y L | B33: 0 | C33: 2 | D33: 0 | E33: 0 | F33: 0 | G33: 0 | H33: 0 | I33: 0 | J33: 0 | K33: 0 | L33: 2
A34: CASCO | B34: 2 | C34: 1 | D34: 2 | E34: 1 | F34: 1 | G34: 0 | H34: 1 | I34: 1 | J34: 1 | K34: 1 | L34: 11
A35: CASCO BLANCO | B35: 0 | C35: 0 | D35: 0 | E35: 0 | F35: 0 | G35: 1 | H35: 0 | I35: 0 | J35: 0 | K35: 0 | L35: 1
A36: CASCO TALLA | B36: 0 | C36: 0 | D36: 0 | E36: 0 | F36: 0 | G36: 0 | H36: 0 | I36: 0 | J36: 0 | K36: 0 | L36: 0
A37: CASCO TALLA L | B37: 0 | C37: 0 | D37: 0 | E37: 0 | F37: 0 | G37: 0 | H37: 0 | I37: 0 | J37: 0 | K37: 0 | L37: 0
A38: CASCO TALLA M | B38: 0 | C38: 0 | D38: 0 | E38: 0 | F38: 0 | G38: 0 | H38: 0 | I38: 1 | J38: 0 | K38: 1 | L38: 2
A39: CASCO TALLA S | B39: 0 | C39: 0 | D39: 0 | E39: 0 | F39: 0 | G39: 0 | H39: 0 | I39: 0 | J39: 0 | K39: 0 | L39: 0
... A90: ZAPATOS 43 | B90: 0 | C90: 0 | D90: 3 | E90: 0 | F90: 0 | G90: 0 | H90: 0 | I90: 0 | J90: 0 | K90: 0 | L90: 3

Sheet 06 Equipo Ingeniería
A1: EQUIPO INGENIERÍA
A2: FICHA MENSUAL DE SEGUIMIENTO
A4: Mes | B4: =Seguimiento!B3 -> 46266 | D4: =Seguimiento!B4 -> 46295 | E4: Responsable | F4: =Seguimiento!E3 -> Emerson Garita López | H4: 6
A5: Aspecto | B5: =Seguimiento!B12 -> Equipo Ingeniería
A6: Indicador / criterio | B6: =Seguimiento!C12 -> Registro y control de equipos del departamento
A7: Meta | B7: =Seguimiento!D12 -> Sin pérdida de registros
A8: Estado mensual | B8: =IF(Seguimiento!E12,"Cumplido",IF(Seguimiento!F12,"N/A","Pendiente")) -> Pendiente | D8: =IF(Seguimiento!E12,"Sí","No") -> No | E8: N/A | F8: =IF(Seguimiento!F12,"Sí","No") -> No
A9: Resumen | B9: =IF(Seguimiento!E12,"Control mensual completado",IF(Seguimiento!F12,"Indicador no aplicable en el periodo","Requiere seguimiento")) -> Requiere seguimiento
A10: Observación general | B10: =Seguimiento!G12 -> 0
A12: REGISTRO DE GESTIÓN DEL MES
A13: Fecha | B13: Actividad / gestión | C13: Responsable | D13: Estado | E13: Evidencia / referencia | F13: Observaciones | G13: Próxima acción | H13: Fecha compromiso
F14: este equipo esta proximo a estar auditado por parte de ingenieria en conjunto con contabilidad

Sheet 07 Solicitud abonados
A1: SOLICITUD DE ABONADOS
A2: FICHA MENSUAL DE SEGUIMIENTO
A4: Mes | B4: =Seguimiento!B3 -> 46266 | D4: =Seguimiento!B4 -> 46295 | E4: Responsable | F4: =Seguimiento!E3 -> Emerson Garita López | H4: 7
A5: Aspecto | B5: =Seguimiento!B13 -> Solicitud de Abonados
A6: Indicador / criterio | B6: =Seguimiento!C13 -> Solicitudes y coordinaciones atendidas
A7: Meta | B7: =Seguimiento!D13 -> ≥ 90% atendidas y 100% registrados
A8: Estado mensual | B8: =IF(Seguimiento!E13,"Cumplido",IF(Seguimiento!F13,"N/A","Pendiente")) -> Pendiente | E8: N/A
A9: Resumen
A10: Observación general

Sheet 08 Solicitud colaboradores
A1: SOLICITUD DE COLABORADORES
A2: FICHA MENSUAL DE SEGUIMIENTO
A4: Mes | B4: =Seguimiento!B3 -> 46266 | C4: Responsable | D4: =Seguimiento!E3 -> Emerson Garita López | E4: N.° | F4: 8
A5: Aspecto | B5: =Seguimiento!B14 -> Solicitud de colaboradores
A6: Indicador / criterio | B6: =Seguimiento!C14 -> Solicitudes recibidas y gestionadas debidamente registradas
A7: Meta | B7: =Seguimiento!D14 -> Sin pérdida de registros
A8: Estado mensual | B8: =IF(Seguimiento!E14,"Cumplido",IF(Seguimiento!F14,"N/A","Pendiente")) -> Cumplido | C8: N/A | D8: =IF(Seguimiento!F14,"Sí","No") -> No
A9: Resumen | B9: =IF(Seguimiento!E14,"Control mensual completado",IF(Seguimiento!F14,"Indicador no aplicable en el periodo","Requiere seguimiento")) -> Control mensual completado
A10: Observación general | B10: =Seguimiento!G14 -> 0
A12: REGISTRO DE GESTIÓN DEL MES
A13: Fecha | B13: Actividad / gestión | C13: Evidencia / referencia | D13: Observaciones | E13: Próxima acción | F13: Fecha compromiso
A14: Villegas Espinoza Kendall | B14: Vacaciones | C14: 28/08/2026 15:01 | D14: 1 días
A15: Arrieta Carranza Leonardo Antonio | B15: Vacaciones | C15: 28/08/2026 15:01 | D15: 1 días
A16: Orozco Reyes Ariel | B16: Vacaciones | C16: 28/08/2026 15:01 | D16: 1 días
A17: Varela Quirós Alex Alberto | B17: Vacaciones | C17: 27/08/2026 17:01 | D17: 2 días
A18: Porras Duarte Olger Fermin | B18: Cita CCSS | C18: 25/08/2026 17:01 | D18: 1 días
A19: Araya Rodríguez Breiner Anthony | B19: Vacaciones | C19: 24/08/2026 17:01 | D19: 1 días
A20: Retana Vargas Gerardo | B20: Vacaciones | C20: 21/08/2026 15:01 | D20: 1 días
A21: Soto González Javier David | B21: Vacaciones | C21: 21/08/2026 15:01 | D21: 1 días
A22: Villegas Espinoza Kendall | B22: Vacaciones | C22: 46181.709 | D22: 1 días
A23: Retana Vargas Gerardo | B23: Vacaciones | C23: 46089.709 | D23: 1 días

Sheet 09 Planes y acuerdos
A1: PLANES Y ACUERDOS DE INGENIERÍA
A2: FICHA MENSUAL DE SEGUIMIENTO
A4: Mes | B4: =Seguimiento!B3 -> 46266 | C4: Fecha | D4: =Seguimiento!B4 -> 46295 | E4: Responsable | F4: =Seguimiento!E3 -> Emerson Garita López | G4: N.° | H4: 9
A5: Aspecto | B5: =Seguimiento!B15 -> Planes y acuerdos de ingeniería
A6: Indicador / criterio | B6: =Seguimiento!C15 -> Seguimiento de actividades y acuerdos asignados
A7: Meta | B7: =Seguimiento!D15 -> ≥ 90% en cumplimiento y 100% registrados
A8: Estado mensual | B8: =IF(Seguimiento!E15,"Cumplido",IF(Seguimiento!F15,"N/A","Pendiente")) -> Pendiente | C8: Cumplido | D8: =IF(Seguimiento!E15,"Sí","No") -> No | E8: N/A | F8: =IF(Seguimiento!F15,"Sí","No") -> No
A9: Resumen | B9: =IF(Seguimiento!E15,"Control mensual completado",IF(Seguimiento!F15,"Indicador no aplicable en el periodo","Requiere seguimiento")) -> Requiere seguimiento
A10: Observación general | B10: =Seguimiento!G15 -> 0
A12: REGISTRO DE GESTIÓN DEL MES
A13: Fecha | B13: Actividad / acuerdo | C13: Responsable | D13: Estado | E13: Evidencia / referencia | F13: Observaciones | G13: Próxima acción | H13: Fecha compromiso

Sheet 10 Quejas
A1: QUEJAS – REGISTRO
A2: FICHA MENSUAL DE SEGUIMIENTO
A4: Mes | B4: =Seguimiento!B3 -> 46266 | C4: Fecha | D4: =Seguimiento!B4 -> 46295 | E4: Responsable | F4: =Seguimiento!E3 -> Emerson Garita López | G4: N.° | H4: 10
A5: Aspecto | B5: =Seguimiento!B16 -> Quejas – registro
A6: Indicador / criterio | B6: =Seguimiento!C16 -> Quejas recibidas, estado y atención documentados
A7: Meta | B7: =Seguimiento!D16 -> Sin pérdida de registros
A8: Estado mensual | B8: =IF(Seguimiento!E16,"Cumplido",IF(Seguimiento!F16,"N/A","Pendiente")) -> Cumplido | C8: Cumplido | D8: =IF(Seguimiento!E16,"Sí","No") -> Sí | E8: N/A | F8: =IF(Seguimiento!F16,"Sí","No") -> No
A9: Resumen | B9: =IF(Seguimiento!E16,"Control mensual completado",IF(Seguimiento!F16,"Indicador no aplicable en el periodo","Requiere seguimiento")) -> Control mensual completado
A10: Observación general | B10: =Seguimiento!G16 -> 0
A12: REGISTRO DE GESTIÓN DEL MES
A13: Fecha | B13: Actividad / gestión | C13: Responsable | D13: Estado | E13: Evidencia / referencia | F13: Observaciones | G13: Próxima acción | H13: Fecha compromiso
A14: 26/022029 | B14: QUEJA POR EQUIPOS DAÑADOS | D14: En proceso | F14: OT-183539-Y6V8 | G14: RESOLVER POR PARTE DE PLATAFORMA

Sheet 11 Ilícitos
A1: ILÍCITOS – REGISTRO
A2: FICHA MENSUAL DE SEGUIMIENTO
A4: Mes | B4: =Seguimiento!B3 -> 46266 | C4: Fecha | D4: =Seguimiento!B4 -> 46295 | E4: Responsable | F4: =Seguimiento!E3 -> Emerson Garita López | G4: N.° | H4: 11
A5: Aspecto | B5: =Seguimiento!B17 -> Ilícitos – registro
A6: Indicador / criterio | B6: =Seguimiento!C17 -> Casos detectados, gestionados y documentados
A7: Meta | B7: =Seguimiento!D17 -> Sin pérdida de registros y 100% tramitados
A8: Estado mensual | B8: =IF(Seguimiento!E17,"Cumplido",IF(Seguimiento!F17,"N/A","Pendiente")) -> Cumplido | C8: Cumplido | D8: =IF(Seguimiento!E17,"Sí","No") -> Sí | E8: N/A | F8: =IF(Seguimiento!F17,"Sí","No") -> No
A9: Resumen | B9: =IF(Seguimiento!E17,"Control mensual completado",IF(Seguimiento!F17,"Indicador no aplicable en el periodo","Requiere seguimiento")) -> Control mensual completado
A10: Observación general | B10: =Seguimiento!G17 -> 0
A12: REGISTRO DE GESTIÓN DEL MES
A13: Fecha | B13: Actividad / gestión | C13: Responsable | D13: Estado | E13: Evidencia / referencia | F13: Observaciones | G13: Próxima acción | H13: Fecha compromiso
A14: 28-abr-26 | B14: H4422 SBA TORRES COSTA RICA LIMITADA | D14: Cumplido

Sheet 12 Registro proyectos
A1: REGISTRO DE PROYECTOS
A2: FICHA MENSUAL DE SEGUIMIENTO
A4: Mes | B4: =Seguimiento!B3 -> 46266 | C4: Fecha | D4: =Seguimiento!B4 -> 46295 | E4: Responsable | F4: =Seguimiento!E3 -> Emerson Garita López | G4: N.° | H4: 12
A5: Aspecto | B5: =Seguimiento!B18 -> Registro de Proyectos
A6: Indicador / criterio | B6: =Seguimiento!C18 -> Proyectos y movimientos debidamente registrados y su progreso
A7: Meta | B7: =Seguimiento!D18 -> Sin pérdida de registros
A8: Estado mensual | B8: =IF(Seguimiento!E18,"Cumplido",IF(Seguimiento!F18,"N/A","Pendiente")) -> Cumplido | C8: Cumplido | D8: =IF(Seguimiento!E18,"Sí","No") -> Sí | E8: N/A | F8: =IF(Seguimiento!F18,"Sí","No") -> No
A9: Resumen | B9: =IF(Seguimiento!E18,"Control mensual completado",IF(Seguimiento!F18,"Indicador no aplicable en el periodo","Requiere seguimiento")) -> Control mensual completado
A10: Observación general | B10: =Seguimiento!G18 -> 0
A13: DASHBOARD DE PROYECTOS
A14: Todos los proyectos: pendientes, en proceso y completados | H14: Actualizado: 14/09/2026 11:00
A16: Total proyectos 8 | D16: En proceso 4 | G16: Pendientes 3
A21: Estado | B21: Cantidad | D21: Tipo de proyecto | E21: Cantidad | G21: Ruta | H21: Cantidad
A22: En proceso | B22: 4 | D22: Asociado | E22: 1 | G22: A | H22: 1
A23: Pendiente | B23: 3 | D23: Propio | E23: 6 | G23: B | H23: 2
A24: Completado | B24: 1 | D24: Compartido | E24: 1 | G24: C | H24: 1
G25: H | H25: 1
G26: K | H26: 1
G27: M | H27: 1
G28: P | H28: 1
A38: DETALLE DE PROYECTOS ACTIVOS
A39: ID proyecto | B39: Ruta | C39: Descripción | D39: Estado | E39: Tipo | F39: Inicio | G39: Finalización estimada | H39: Prioridad
A40: 85-MP25-0051 | B40: B | C40: Banco reubicacion Semafoods | D40: Completado | E40: Asociado | F40: 46125 | G40: 46254 | H40: Completado
A41: 69-MP23-0021 | B41: B | C41: Reubicacion de linea Laguna-Palmira | D41: En proceso | E41: Propio | F41: 46129 | G41: 46190 | H41: Seguimiento
A42: 15-MC26-0008 | B42: H | C42: Reubicacion de linea Biogenicos | D42: Completado | E42: Compartido | F42: 46199 | G42: 46235 | H42: completado
A43: 62-MP25-0035 | B43: P | C43: Reubicacion de linea volio pizzeria | D43: Pendiente | E43: Propio | G43: 46235 | H43: Atrasado
A44: 68-MP25-0037 | B44: C | C44: Reubicacion de linea Tapezco-Palmira | D44: Pendiente | E44: Propio | G44: 46266 | H44: Atrasado
A45: 71-MP25-0040 | B45: K | C45: Reubicacion la marcuerna | D45: Pendiente | E45: Propio | G45: 46296 | H45: Próximo a vencer
A46: 51-MP24-000028 | B46: M | C46: trifasico la barranquilla | D46: En proceso | E46: Propio | F46: 46184 | G46: 46346 | H46: Seguimiento
A47: 43-MC23-111186 | B47: A | C47: Reubicación de Transformador, Poste o Ancla | D47: Completado | E47: Propio | F47: 46275 | G47: 46275 | H47: Completado
A49: Atención: 5 proyecto(s) con fecha estimada vencida.
C51: B Reubicacion de linea Ana Tery | D51: En proceso | E51: PROPIO /ASOCIADO | F51: SEPTIEMBRE | H51: SEGUIMIENTO
C52: B Reubicacion de laguna palmira | D52: En proceso | E52: PROPIO | F52: septiembre | H52: SEGUIMIENTO

Sheet 13 Stock mín-máx
A1: CONTROL DE STOCK MÍNIMO / MÁXIMO
A2: FICHA MENSUAL DE SEGUIMIENTO
A4: Mes | B4: =Seguimiento!B3 -> 46266 | C4: Fecha | D4: =Seguimiento!B4 -> 46295 | E4: Responsable | F4: =Seguimiento!E3 -> Emerson Garita López | G4: N.° | H4: 13
A5: Aspecto | B5: =Seguimiento!B20 -> Control de stock mínimo / máximo
A6: Indicador / criterio | B6: =Seguimiento!C20 -> Verificación de existencias de materiales requeridos para los servicios de Ingeniería Eléctrica
A7: Meta | B7: =Seguimiento!D20 -> 100% de los materiales críticos controlados dentro de los mínimos y máximos definidos; faltantes identificados y reportados
A8: Estado mensual | B8: =IF(Seguimiento!E20,"Cumplido",IF(Seguimiento!F20,"N/A","Pendiente")) -> Pendiente | C8: Cumplido | D8: =IF(Seguimiento!E20,"Sí","No") -> No | E8: N/A | F8: =IF(Seguimiento!F20,"Sí","No") -> No
A9: Resumen | B9: =IF(Seguimiento!E20,"Control mensual completado",IF(Seguimiento!F20,"Indicador no aplicable en el periodo","Requiere seguimiento")) -> Requiere seguimiento
A10: Observación general | B10: =Seguimiento!G20 -> 0
A12: REGISTRO DE GESTIÓN DEL MES
A13: Fecha | B13: Actividad / gestión | C13: Responsable | D13: Estado | E13: Evidencia / referencia | F13: Observaciones | G13: Próxima acción | H13: Fecha compromiso

Sheet 14 Procesos y normativa
A1: PROCESOS (PERSONAL, INVENTARIOS Y ARESEP) Y NORMATIVA
A2: FICHA MENSUAL DE SEGUIMIENTO
A4: Mes | B4: =Seguimiento!B3 -> 46266 | C4: Fecha | D4: =Seguimiento!B4 -> 46295 | E4: Responsable | F4: =Seguimiento!E3 -> Emerson Garita López | G4: N.° | H4: 14
A5: Aspecto | B5: =Seguimiento!B21 -> Procesos (Personal, Inventarios y ARESEP) y normativa
A6: Indicador / criterio | B6: =Seguimiento!C21 -> Mejorar los procesos actuando sobre los requerimientos actualizados
A7: Meta | B7: =Seguimiento!D21 -> 100% de compromisos en plazo
A8: Estado mensual | B8: =IF(Seguimiento!E21,"Cumplido",IF(Seguimiento!F21,"N/A","Pendiente")) -> Pendiente | C8: Cumplido | D8: =IF(Seguimiento!E21,"Sí","No") -> No | E8: N/A | F8: =IF(Seguimiento!F21,"Sí","No") -> No
A9: Resumen | B9: =IF(Seguimiento!E21,"Control mensual completado",IF(Seguimiento!F21,"Indicador no aplicable en el periodo","Requiere seguimiento")) -> Requiere seguimiento
A10: Observación general | B10: =Seguimiento!G21 -> 0
A12: REGISTRO DE GESTIÓN DEL MES
A13: Fecha | B13: Actividad / gestión | C13: Responsable | D13: Estado | E13: Evidencia / referencia | F13: Observaciones | G13: Próxima acción | H13: Fecha compromiso

Sheet 15 Compras y materiales
A1: CONTROL DE COMPRAS Y MATERIALES
A2: FICHA MENSUAL DE SEGUIMIENTO
A4: Mes | B4: =Seguimiento!B3 -> 46266 | C4: Fecha | D4: =Seguimiento!B4 -> 46295 | E4: Responsable | F4: =Seguimiento!E3 -> Emerson Garita López | G4: N.° | H4: 15
A5: Aspecto | B5: =Seguimiento!B22 -> Control de compras y materiales
A6: Indicador / criterio | B6: =Seguimiento!C22 -> Seguimiento de solicitudes de compra, órdenes, recepción y entrega de materiales
A7: Meta | B7: =Seguimiento!D22 -> 100% de las solicitudes de compra asignadas con seguimiento hasta su recepción o cierre.
A8: Estado mensual | B8: =IF(Seguimiento!E22,"Cumplido",IF(Seguimiento!F22,"N/A","Pendiente")) -> Pendiente | C8: Cumplido | D8: =IF(Seguimiento!E22,"Sí","No") -> No | E8: N/A | F8: =IF(Seguimiento!F22,"Sí","No") -> No
A9: Resumen | B9: =IF(Seguimiento!E22,"Control mensual completado",IF(Seguimiento!F22,"Indicador no aplicable en el periodo","Requiere seguimiento")) -> Requiere seguimiento
A10: Observación general | B10: =Seguimiento!G22 -> 0
A12: REGISTRO DE GESTIÓN DEL MES
A13: Fecha | B13: Actividad / gestión | C13: Responsable | D13: Estado | E13: Evidencia / referencia | F13: Observaciones | G13: Próxima acción | H13: Fecha compromiso

Sheet 16 Presupuestos eléctricos
A1: ELABORACIÓN DE PRESUPUESTOS DE PROYECTOS ELÉCTRICOS
A2: FICHA MENSUAL DE SEGUIMIENTO
A4: Mes | B4: =Seguimiento!B3 -> 46266 | C4: Fecha | D4: =Seguimiento!B4 -> 46295 | E4: Responsable | F4: =Seguimiento!E3 -> Emerson Garita López | G4: N.° | H4: 16
A5: Aspecto | B5: =Seguimiento!B23 -> Elaboración de presupuestos de proyectos eléctricos
A6: Indicador / criterio | B6: =Seguimiento!C23 -> Preparación de materiales, cantidades, costos y presupuesto por proyecto
A7: Meta | B7: =Seguimiento!D23 -> 100% de los proyectos asignados con presupuesto elaborado.
A8: Estado mensual | B8: =IF(Seguimiento!E23,"Cumplido",IF(Seguimiento!F23,"N/A","Pendiente")) -> Pendiente | C8: Cumplido | D8: =IF(Seguimiento!E23,"Sí","No") -> No | E8: N/A | F8: =IF(Seguimiento!F23,"Sí","No") -> No
A9: Resumen | B9: =IF(Seguimiento!E23,"Control mensual completado",IF(Seguimiento!F23,"Indicador no aplicable en el periodo","Requiere seguimiento")) -> Requiere seguimiento
A10: Observación general | B10: =Seguimiento!G23 -> 0
A12: REGISTRO DE GESTIÓN DEL MES
A13: Fecha | B13: Actividad / gestión | C13: Responsable | D13: Estado | E13: Evidencia / referencia | F13: Observaciones | G13: Próxima acción | H13: Fecha compromiso

Sheet 17 Diseño redes eléctricas
A1: DISEÑO DE REDES ELÉCTRICAS
A2: FICHA MENSUAL DE SEGUIMIENTO
A4: Mes | B4: =Seguimiento!B3 -> 46266 | C4: Fecha | D4: =Seguimiento!B4 -> 46295 | E4: Responsable | F4: =Seguimiento!E3 -> Emerson Garita López | G4: N.° | H4: 17
A5: Aspecto | B5: =Seguimiento!B24 -> Diseño de redes eléctricas
A6: Indicador / criterio | B6: =Seguimiento!C24 -> Apoyo en elaboración, revisión y actualización de diseños de MT, BT y servicios
A7: Meta | B7: =Seguimiento!D24 -> 100% de los diseños asignados elaborados dentro del plazo establecido
A8: Estado mensual | B8: =IF(Seguimiento!E24,"Cumplido",IF(Seguimiento!F24,"N/A","Pendiente")) -> Pendiente | C8: Cumplido | D8: =IF(Seguimiento!E24,"Sí","No") -> No | E8: N/A | F8: =IF(Seguimiento!F24,"Sí","No") -> No
A9: Resumen | B9: =IF(Seguimiento!E24,"Control mensual completado",IF(Seguimiento!F24,"Indicador no aplicable en el periodo","Requiere seguimiento")) -> Requiere seguimiento
A10: Observación general | B10: =Seguimiento!G24 -> 0
A12: REGISTRO DE GESTIÓN DEL MES
A13: Fecha | B13: Actividad / gestión | C13: Responsable | D13: Estado | E13: Evidencia / referencia | F13: Observaciones | G13: Próxima acción | H13: Fecha compromiso

Sheet Chart Data
A1: Empleado | B1: Minutos de tardía | D1: Estado | E1: Cantidad | G1: Área | H1: Cumplidos | I1: Pendientes
A2: FRANDER VILLEGAS | B2: =SUMIF(TablaTardias[Empleado],A2,TablaTardias[Minutos de tardía]) -> 0 | D2: Cumplidos | E2: =Seguimiento!B30 -> 9 | G2: Asistente de Ingeniería | H2: =COUNTIF(Seguimiento!E7:E18,TRUE) -> 9 | I2: =12-H2-COUNTIF(Seguimiento!F7:F18,TRUE) -> 3
A3: LEONARDO ARRIETA CARRANZA | B3: =SUMIF(TablaTardias[Empleado],A3,TablaTardias[Minutos de tardía]) -> 0 | D3: Pendientes | E3: =Seguimiento!D30 -> 8 | G3: Auxiliar Administrativo | H3: =COUNTIF(Seguimiento!E20:E24,TRUE) -> 0 | I3: =5-H3-COUNTIF(Seguimiento!F20:F24,TRUE) -> 5
A4: EMERSON GARITA | B4: =SUMIF(TablaTardias[Empleado],A4,TablaTardias[Minutos de tardía]) -> 0 | D4: N/A | E4: =Seguimiento!F30 -> 0
A5: JAVIER SOTO GONZALES | B5: =SUMIF(TablaTardias[Empleado],A5,TablaTardias[Minutos de tardía]) -> 0
A6: ANTHONY ARAYA RODRIGUEZ | B6: =SUMIF(TablaTardias[Empleado],A6,TablaTardias[Minutos de tardía]) -> 0 | D6: Estado proyecto | E6: Cantidad | G6: Móvil | H6: Cobertura
A7: ARIEL OROZCO REYES | B7: =SUMIF(TablaTardias[Empleado],A7,TablaTardias[Minutos de tardía]) -> 0 | D7: En proceso | E7: ='12 Registro proyectos'!B22 -> 4 | G7: Móvil 01-27 | H7: ='04 Herramientas móviles'!E19 -> 0.978
D8: Pendiente | E8: ='12 Registro proyectos'!B23 -> 3 | G8: Móvil 02-28 | H8: ='04 Herramientas móviles'!E20 -> 0.957
D9: Completado | E9: ='12 Registro proyectos'!B24 -> 1 | G9: Móvil 25 | H9: ='04 Herramientas móviles'!E21 -> 0.109
D10: Total | E10: 8 | G10: Móvil 03-30 | H10: ='04 Herramientas móviles'!E22 -> 0.957
